caracter	textura	x_izq	x_der
# empezar_boton_empuje: PUSH START BUTTON
P	empezar_boton_empuje	1	11
U	empezar_boton_empuje	11	20
S	empezar_boton_empuje	20	28
H	empezar_boton_empuje	28	39
espacio	empezar_boton_empuje	39	46
S	empezar_boton_empuje	46	55
T	empezar_boton_empuje	55	64
A	empezar_boton_empuje	64	72
R	empezar_boton_empuje	72	83
T	empezar_boton_empuje	83	93
espacio	empezar_boton_empuje	93	99
B	empezar_boton_empuje	99	109
U	empezar_boton_empuje	109	119
T	empezar_boton_empuje	119	128
T	empezar_boton_empuje	128	137
O	empezar_boton_empuje	137	146
N	empezar_boton_empuje	146	157
