id	familia	caja	texto_en	x_en	opciones
opcion	titulos_menu	0,0,128,31	OPTION	3	juntar=-3 condensar=0.8
seleccion_juego	titulos_menu	0,0,199,31	GAME SELECT	3	juntar=-2
seleccion_jugador	titulos_menu	0,0,220,31	PLAYER SELECT	4	juntar=-2
seleccion_mapa	titulos_menu	0,0,189,31	MAP SELECT	4	juntar=-2
datos	botones_naranja	1,1,62,16	DATA	16	juntar=0
empezar	botones_naranja	1,1,62,16	BEGIN	14	juntar=0
fantasma_menu	botones_naranja	1,1,62,16	GHOST	14	juntar=0 condensar=0.85
batalla_modo	botones_cian	17,1,46,16	BATTLE	18	juntar=0 condensar=0.87
modo_contrarreloj	botones_cian	17,1,46,16	T.TRIALS	17	formas=si lineas=2,9 placa=1 juntar=-1
modo_mario_gp	botones_cian	17,1,46,16	MARIO GP	17	formas=si lineas=2,9 placa=1 juntar=-1
opcion_l	botones_amarillo	16,1,41,17	OPTION	16	formas=si lineas=2,10 placa=1 juntar=-1 area=0,0,57,18
datos_r	botones_amarillo	21,1,36,17	DATA	22	formas=si lineas=2,10 placa=1 juntar=-1 area=0,0,57,18
ok	botones_verde	1,1,29,16	OK ?	2	juntar=-1
juego_menu_1j	botones_verde	1,37,62,16	1P GAME	5	juntar=0
juego_menu_2j	botones_verde	1,37,62,16	2P GAME	5	juntar=0
juego_menu_3j	botones_verde	1,37,62,16	3P GAME	5	juntar=0
juego_menu_4j	botones_verde	1,37,62,16	4P GAME	3	juntar=0
menu_copa_hongo	copas	2,24,61,11	MUSHROOM CUP	2	formas=si lineas=20,31 placa=0 juntar=-1 area=1,19,63,20
menu_copa_flor	copas	4,24,57,11	FLOWER CUP	4	formas=si lineas=23,31 placa=0 juntar=-1 area=1,22,63,17
menu_copa_estrella	copas	11,24,45,11	STAR CUP	11	formas=si lineas=23,31 placa=0 juntar=-1 area=1,19,63,20
menu_copa_especial	copas	5,24,56,11	SPECIAL CUP	5	formas=si lineas=23,31 placa=0 juntar=-1 area=1,22,63,17
empezar_boton_empuje	pulsar_start	0,0,159,16	PUSH START BUTTON	1	juntar=0
tiempo_hud	hud_grande	0,0,32,16	TIME	0	lienzo=64x16+32,0 area=0,0,64,16 alinear=derecha@64 juntar=-1 condensar=0.8:MPO sangrado=si
tiempo_vuelta_hud	hud_grande	0,0,32,16	LAP	0	lienzo=64x16+32,0 area=0,0,64,16 alinear=derecha@64 juntar=-1 condensar=0.8:VUA sangrado=si
vuelta_hud	hud_chico	0,0,32,8	LAP	0	lienzo=64x16+32,0 area=0,0,64,16 lineas=0,8 alinear=derecha@57,centro@32 juntar=-1 color_lineas=si sangrado=si
hud_1ro	ordinales	50,28,78,36	st	58	fijo=1 alinear=izquierda@50
hud_2do	ordinales	55,28,73,36	nd	55	fijo=1 alinear=izquierda@55
hud_3ro	ordinales	52,28,76,36	rd	53	fijo=1 alinear=izquierda@52
hud_4to	ordinales	54,28,74,36	th	57	fijo=1 alinear=izquierda@54
hud_5to	ordinales	54,28,74,36	th	56	fijo=1 alinear=izquierda@54
hud_6to	ordinales	52,28,76,36	th	57	fijo=1 alinear=izquierda@52
hud_7mo	ordinales	39,28,89,36	th	52	fijo=1 alinear=izquierda@39
hud_8vo	ordinales	54,28,74,36	th	56	fijo=1 alinear=izquierda@54
titulo_mario_raceway	titulos_pista	1,2,138,14	MARIO RACEWAY	26	juntar=-1
titulo_choco_mountain	titulos_pista	1,2,138,14	CHOCO MOUNTAIN	22	juntar=-1
titulo_bowsers_castle	titulos_pista	1,2,138,14	BOWSER'S CASTLE	21	juntar=-1
titulo_banshee_boardwalk	titulos_pista	1,2,138,14	BANSHEE BOARDWALK	11	juntar=-1
titulo_yoshi_valley	titulos_pista	1,2,138,14	YOSHI VALLEY	31	juntar=-1
titulo_frappe_snowland	titulos_pista	1,2,138,14	FRAPPE SNOWLAND	19	juntar=-1
titulo_koopa_troopa_beach	titulos_pista	1,2,138,14	KOOPA TROOPA BEACH	9	juntar=-1
titulo_royal_raceway	titulos_pista	1,2,138,14	ROYAL RACEWAY	26	juntar=-1
titulo_luigi_raceway	titulos_pista	1,2,138,14	LUIGI RACEWAY	30	juntar=-1
titulo_moo_moo_farm	titulos_pista	1,2,138,14	MOO MOO FARM	27	juntar=-1
titulo_toads_turnpike	titulos_pista	1,2,138,14	TOAD'S TURNPIKE	21	juntar=-1
titulo_kalimari_desert	titulos_pista	1,2,138,14	KALIMARI DESERT	22	juntar=-1
titulo_sherbet_land	titulos_pista	1,2,138,14	SHERBET LAND	30	juntar=-1
titulo_rainbow_road	titulos_pista	1,2,138,14	RAINBOW ROAD	28	juntar=-1
titulo_wario_stadium	titulos_pista	1,2,138,14	WARIO STADIUM	26	juntar=-1
titulo_block_fort	titulos_pista	1,2,138,14	BLOCK FORT	36	juntar=-1
titulo_skyscraper	titulos_pista	1,2,138,14	SKYSCRAPER	34	juntar=-1
titulo_double_deck	titulos_pista	1,2,138,14	DOUBLE DECK	32	juntar=-1
titulo_dks_jungle_parkway	titulos_pista	1,2,138,14	D.K.'S JUNGLE PARKWAY	4	juntar=-1
titulo_big_donut	titulos_pista	1,2,138,14	BIG DONUT	40	juntar=-1
